title,price
SteelSeries Clavier HyperMagnetic gaming Apex Pro Mini - Actionnement ajustable - Facteur de forme compact de 60 % - RVB - Capuchons de touches PBT - USB-C - Français AZERTY,"139,99 €"
SteelSeries Clavier HyperMagnetic gaming Apex Pro TKL - Clavier le plus rapide - Actionnement ajustable - Format sans pavé numérique adapté à l’esport - RVB - USB-C - Édition 2023 - Français AZERTY,"149,99 €"
"Turtle Beach Vulcan II - Clavier Gaming PC, interrupteurs mécaniques Titan II, Touches rétro-éclairées RGB Personnalisables, Repose-Poignets Amovible, Noir","119,99 €"
SteelSeries Apex Pro clavier gaming HyperMagnetic - Actionnement ajustable - Écran OLED - RGB - Port USB - Français AZERTY,"178,59 €"
EMPIRE GAMING - Clavier Gamer Nouveau K300 (AZERTY) - 105 Touches Semi-Mécaniques - Rétroéclairage LED RGB - 19 Keys Anti-Ghosting - 12 Raccourcis Multimédia - USB Filaire,"22,99 €"
"CORSAIR K55 RGB PRO Clavier de Jeu Filaire à Membrane – IP42 Résistant à la Poussière et Aux éclaboussures – 6 Touches Macro Intégration Elgato – Compatible iCUE – AZERTY FR – PC, Mac, Xbox – Noir","47,49 €"
EMPIRE GAMING - Pack MK800 Filaire - Clavier Gaming AZERTY (Layout Français) RGB 105 Touches 19 Touches Anti-Ghosting - Souris Gamer 2400 DPI - Tapis de Souris - PC PS4 PS5 Xbox One/Series Mac,"28,89 €"
"TECURS Clavier Gamer Mécanique sans Fil RGB Rétroéclairé, 65% TKL Clavier Gaming Azerty avec Bluetooth/2.4G /Type-C, 68 Touches Anti-Ghosting Switchs Rouge pour PC/Windows/Mac/Xbox, Blanc","46,74 €"
"TECURS Clavier Gamer Mécanique sans Fil RGB Rétroéclairé, 65% TKL Clavier Gaming Azerty avec Bluetooth/2.4G /Type-C, 68 Touches Anti-Ghosting Switchs Rouge pour PC/Windows/Mac/Xbox, Blanc","46,74 €"
"CHERRY XTRFY K5V2 Compact, Clavier de gaming mécanique, format 65 %, Disposition française (AZERTY) Clavier Hot-Swap, MX2A RED Switches, Blanc transparent","129,99 €"
"Trust Gaming GXT 866 Torix Clavier Mécanique AZERTY Français, Commutateurs Huano Linéaires, Éclairage RGB, Anti-Ghosting N-Key Rollover USB Clavier Gamer Programmable PC Portable - Noir","47,49 €"
SteelSeries Apex Pro clavier gaming HyperMagnetic - Actionnement ajustable - Écran OLED - RGB - Port USB - Français AZERTY,"178,59 €"
SteelSeries Apex 3 - Clavier de Gaming - Illumination RVB sur 10 Zones - Repose-Mains Magnétique Premium - Agencement Français AZERTY,"52,24 €"
"Dierya Clavier Gamer Mécanique 60% Câblé avec Interrupteur Rouge,DK61se Clavier Gaming Rétroéclairage Bleu Glacier,Type-c Mechanical Keyboard Compact 61 Touches Anti-ghosting-US Layout,Blanc","29,74 €"
"Dierya Clavier Gamer Mécanique 60% Câblé avec Interrupteur Rouge,DK61se Clavier Gaming Rétroéclairage Bleu Glacier,Type-c Mechanical Keyboard Compact 61 Touches Anti-ghosting-US Layout,Blanc","29,74 €"
"The G-Lab Keyz Hydrogen, Clavier Gamer 60%, Clavier Semi-mécanique Filaire Azerty, Rétroéclairage Multicolore- Mini Clavier Gamer Silencieux, Format Compact TKL - PC/PS5 (Bleu/Blanc/Rouge)","22,99 €"
"RedThunder K84 Combo Clavier et Souris USB sans Fil Gamer, AZERTY Français, Batterie Rechargeable RVB Rétroéclairée, Clavier TKL à 75% et Souris Optique Légère en Nid d'abeille 3200 DPI (Noir)","45,59 €"
"CIY X77 Clavier Gamer Mécanique RGB Rétroéclairé, Clavier Gaming Filaire avec Switch Bleu, AZERTY Français, 88 Touches Anti-Ghosting, Programmable, Hot swappable, pour Windows PC (Blanc)","41,60 €"
"Dierya Clavier Gamer Mécanique 60% Câblé avec Interrupteur Rouge,T68SE Clavier Gaming LED Rétroéclairé Type-c Mechanical Keyboard Compact 68 Touches Anti-ghosting-US Layout,Blanc","28,04 €"
"Trust Gaming GXT 835 Azor Clavier Gamer Filaire AZERTY Français, Éclairage LED Arc-en-Ciel, Mode Jeu, 8 Touches Anti-ghosting, Clavier Gaming à Membrane USB, PC/Ordinateur Portable - Noir","16,99 €"
"The G-Lab Keyz Hydrogen, Clavier Gamer 60%, Clavier Semi-mécanique Filaire Azerty, Rétroéclairage Multicolore- Mini Clavier Gamer Silencieux, Format Compact TKL - PC/PS5 (Noir)","19,99 €"
"The G-Lab - Combo Hélium - Ensemble Gaming 3 en 1 - Clavier Gamer Azerty Rétroéclairé, Souris Gamer 6400 Dpi, Tapis De Souris Antidérapant - 6 Touches Anti-ghosting - Pack PC/PS4/PS5/Xbox","19,92 €"
"The G-Lab - Keyz Rubidium - Clavier Mécanique Gaming USB, AZERTY, Haute Performance, RGB 100% Personnalisable, Anti-Ghosting, Repose-Poignet - Compatible avec PC, PS4, PS5, Xbox - New","45,57 €"
"TECURS Clavier Gaming Mécanique - Clavier Gamer Programmable avec Repose-Poignet Magnétique, Switchs Rouges, 19 Modes LED, Touches Multimédia, Clavier AZERTY PC/Wins/PS4","45,59 €"
"RedThunder K10 Ensemble Gaming Clavier et Souris Gamer Usb, AZERTY FRANÇAIS + Repose-Poignets, Clavier Anti-Ghosting Rétroéclairé RVB et 7200 DPI avec Souris Ergonomique pour Les Joueurs (Noir)","46,29 €"
SteelSeries Apex 3 - Clavier de Gaming - Illumination RVB sur 10 Zones - Repose-Mains Magnétique Premium - Agencement Français AZERTY,"52,24 €"
"The G-Lab - Combo Hydrogen - Pack Clavier Souris Gamer, Clavier Gamer 60% Filaire, Rétroéclairage RGB, azerty, Format Compact + Souris Gaming RGB, 6 Boutons, 6200 DPI - PC/PS4/PS5 – Blanc","29,95 €"
"RK ROYAL KLUDGE RK61 Clavier Gaming sans Fil, AZERTY Mecanique 60% Bluetooth/2.4Ghz/USB-C Interrupteur Rouge Remplaçable à Chaud Compatible avec MacBook/iPad/Mac OS/Windows PC Tablette, Noir","67,99 €"
Corsair K65 Plus Wireless 75% RGB Clavier Mécanique de Jeu Remplaçable à Chaud - Commutateurs Linéaires MLX Red Pré-Lubrifiés - Capuchons de Touches PBT - AZERTY FR - Noir,"119,99 €"
"Mountain Clavier de Gaming Everest 60 Compact RGB - avec Contacts mécaniques Hot-swappables lubrifiés et Plus Encore – US ANSI (Everest 60 | Tactile 55, Dolomite B)","49,99 €"
"TECURS Clavier Gamer Mécanique sans Fil RGB Rétroéclairé, 65% TKL Clavier Gaming Azerty avec Bluetooth/2.4G /Type-C, 68 Touches Anti-Ghosting Switchs Rouge pour PC/Windows/Mac/Xbox, Blanc","46,74 €"
"RedThunder K10 Ensemble Gaming Clavier et Souris Gamer Usb, AZERTY FRANÇAIS + Repose-Poignets, Clavier Anti-Ghosting Rétroéclairé RVB et 7200 DPI avec Souris Ergonomique pour Les Joueurs (Noir)","46,29 €"
"TECURS Clavier Mecanique - Clavier Gamer de Jeu Filaire Switchs Bleu, AZERTY Français, LED Rétroéclairé, Clavier Gaming Mini 60% pour PC/Windows/PS5/PS4, Blanc et Gris","31,99 €"
"Logitech G213 Prodigy, Clavier Gamer, Eclairage RGB LIGHTSYNC, Résistant aux Éclaboussures, Personnalisable, Commandes Multimédia Dédiées, Français AZERTY - Noir","32,99 €"
SteelSeries Apex 3 - Clavier de Gaming - Illumination RVB sur 10 Zones - Repose-Mains Magnétique Premium - Agencement Français AZERTY,"52,24 €"
"Logitech G413 TKL SE Clavier Gamer Mécanique - Rétroéclairé avec Switches Mécaniques Tactiles, Anti-Ghosting, Compatible avec Windows, macOS, Français AZERTY - Noir","44,99 €"
"Dierya Clavier Gamer Mécanique 60% Câblé avec Interrupteur Rouge,DK61se Clavier Gaming Rétroéclairage Bleu Glacier,Type-c Mechanical Keyboard Compact 61 Touches Anti-ghosting-US Layout,Blanc","29,74 €"
KLIM Chroma Clavier Gamer AZERTY FR - Nouveauté - Silencieux USB - Clavier Filaire Rétroéclairé LED - PC Gaming PS4 PS5 Mac - Noir,"28,47 €"
"TECURS Clavier Gamer Mécanique sans Fil RGB Rétroéclairé, 65% TKL Clavier Gaming Azerty avec Bluetooth/2.4G /Type-C, 68 Touches Anti-Ghosting Switchs Rouge pour PC/Windows/Mac/Xbox, Blanc","46,74 €"
"The G-Lab Keyz Caesium TKL Clavier Gamer TKL 87 Touches Filaire USB AZERTY Français, Rétro-Éclairage LED Multicolore - Clavier Gaming Compact sans Pavé Numérique pour PC/PS4/PS5- New (Noir)","14,99 €"
SteelSeries Apex 3 TKL RVB Clavier gaming - Facteur de forme esports compact sans pavé numérique - Illumination RVB à 8 zones - Agencement Français AZERTY,"39,99 €"
"OMOTON Clavier Gamer Semi-Mécanique, Clavier de Jeu Programmable, Repose-Poignet Magnétique/Rétroéclairé LED/26 Keys Anti-Ghosting, Clavier Gaming Membrane AZERTY, Windows/Mac/Xbox/ PS5, USB Filaire","15,99 €"
"TECURS Clavier Gamer Semi-Mécaniques,19 Keys Anti-Ghosting Rétroéclairage LED, Multimédia, Silencieuses, Clavier Gaming Membrane AZERTY, Etanche pour Ordinateur Windows/Xbox/ PS4, USB Filaire","18,39 €"
"Razer Ornata V3 X - Clavier Gamer à Profil Bas (Switches à Membrane Silencieux, Repose-Poignet Ergonomique, RGB Chroma, Touches en ABS Vernies aux UV) Clavier AZERTY | Noir","37,99 €"
"MARS GAMING MCP1 Ensemble Clavier et Souris de Jeu (2800 DPI, capacité Anti-ghosting, éclairage LED Rouge, ambidextre, USB), Noir et Rouge","20,90 €"
"Dierya Clavier Gamer Mécanique 60% Câblé avec Interrupteur Rouge,DK61se Clavier Gaming Rétroéclairage Bleu Glacier,Type-c Mechanical Keyboard Compact 61 Touches Anti-ghosting-US Layout,Blanc","29,74 €"
"The G-Lab - Combo Hélium - Ensemble Gaming 3 en 1 - Clavier Gamer Azerty Rétroéclairé, Souris Gamer 6400 Dpi, Tapis De Souris Antidérapant - 6 Touches Anti-ghosting - Pack PC/PS4/PS5/Xbox","19,92 €"
"The G-Lab Keyz Hydrogen, Clavier Gamer 60%, Clavier Semi-mécanique Filaire Azerty, Rétroéclairage Multicolore- Mini Clavier Gamer Silencieux, Format Compact TKL - PC/PS5-2023 (Gris/Noir)","24,95 €"
EMPIRE GAMING - K508 Clavier Gaming Sans Fil Compact TKL 65% (AZERTY FR) - via Bluetooth / 2.4G/ Type-C - pour PS4/PS5/PC/Mac -Rétroéclairage RGB - 68 Touches - 23 Touches Anti-Ghosting - Blanc (2024),"25,40 €"
"Corsair K55 Core RGB Clavier de Jeu Filaire à Membrane – Commutateurs Réactifs – Résistance Aux éclaboussures – Ten-Zone RGB – Touches Multimédia – Compatible iCUE – AZERTY FR – PC, Mac – Noir","39,99 €"
"Rii Clavier Gamer Semi-Mécanique USB Filaire, 19 Touches Anti-Ghosting avec rétroéclairage LED, Multimédia, Silencieux, Clavier Gaming Membrane AZERTY Etanche pour Ordinateur Windows/IOS/Xbox/PS4/PS5","22,79 €"
"Logitech G PRO TKL Tenkeyless Clavier Gamer Mécanique, Conception Portable sans Pavé numérique, câble Micro-USB Détachable, Touches Rétroéclairées, LIGHTSYNC RGB, Français AZERTY - Noir","74,99 €"
Corsair K70 Core RGB Clavier Mécanique de Jeu avec Repose-Paume - Touches Linéaires Pré-lubrifiées MLX Red - Amortissement du Son - Compatible iCUE - AZERTY FR Layout - Noir,"89,99 €"
"Glorious Gaming GMMK 2 Compact (65%) - Clavier de Jeu mécanique, TKL Compact (65%), Cadre Aluminium, Capuchons de Touches doubleshot, switches Fox, RGB, Disposition AZERTY française - Noir","49,99 €"
"Turtle Beach Vulcan II - Clavier Gaming PC, interrupteurs mécaniques Titan II, Touches rétro-éclairées RGB Personnalisables, Repose-Poignets Amovible, Noir","119,99 €"
"The G-Lab Keyz Palladium Clavier Gamer AZERTY Filaire USB - Rétro-Éclairage RGB LED Multicolore, Repose-Poignets Magnétique, 26 Touches Anti-ghosting, Durable - PC PS4 Xbox One (Noir)","24,99 €"
"Logitech G512 Clavier Gamer Mécanique, Eclairage RGB LIGHTSYNC, Tactile Switchs GX Brown, Alliage Aluminium 5052, Touches de Fonction Complètes, Relais USB, Français AZERTY - Noir","99,90 €"
"TECURS Clavier Gaming Mécanique PC TKL Gamer Clavier de Jeu Filaire AZERTY, 60% Rétroéclairé, Anti-Ghosting, Switchs Bleu pour Windows/Mac, Blanc","31,99 €"
"THE G-LAB Combo ARGON - Ensemble Gaming 4 en 1 - Clavier AZERTY Rétroéclairé, Souris Gamer 3200 DPI, Micro Casque, Tapis de Souris Antidérapant - Pack Gamer PC PS4 Xbox One Mac","27,99 €"
"RedThunder K900 Clavier Semi-mécanique, AZERTY FRANÇAIS, Tout Métallique USB Ergonomique RGB Rétro-éclairage avec Raccourci Multimédia, Repose-Poignet pour PS4, PC, Ordinateur, Bureau, Jeux","46,29 €"
"Corsair K70 Pro RGB USB-C Clavier Gaming Optique-Mécanique - Switchs Linéaires OPX, Touches à Double Injection PBT, Taux d’Interrogation de 8.000 Hz - FR Disposition, AZERTY - Noir","149,95 €"
"CORSAIR K65 RGB MINI 60 % Clavier de Jeu Filaire Mécanique – Switches Linéaires CHERRY MX RED – Touches PBT Double-Shot – Compatible iCUE – AZERTY FR – PC, Mac, Xbox – Blanc","89,99 €"
"RedThunder K10 Ensemble Clavier et Souris Gaming sans Fil, AZERTY FRANÇAIS, Rétroéclairage LED 3800mAh Batteries Rechargeables, Clavier USB Anti-ghosting + Souris 7D 3200DPI pour PC Gamer Xbox(Noir)","46,29 €"
"The G-Lab Keyz Carbon Ex - Clavier Mécanique Azerty Switch Bleu - Clavier Gaming Rétroéclairage LED RGB, Anti-ghosting Total, 12 Touches multimedias - PC/PS5/Xbox - New (Keyz Carbon Ex)","29,99 €"
"Dierya Clavier Gamer Mécanique 60% Câblé avec Interrupteur Rouge,T68SE Clavier Gaming LED Rétroéclairé Type-c Mechanical Keyboard Compact 68 Touches Anti-ghosting-US Layout,Blanc","28,04 €"
SteelSeries Clavier HyperMagnetic gaming Apex Pro Mini - Actionnement ajustable - Facteur de forme compact de 60 % - RVB - Capuchons de touches PBT - USB-C - Français AZERTY,"139,99 €"
SteelSeries Clavier HyperMagnetic gaming Apex Pro TKL - Clavier le plus rapide - Actionnement ajustable - Format sans pavé numérique adapté à l’esport - RVB - USB-C - Édition 2023 - Français AZERTY,"149,99 €"
"Mars Gaming MK220W Blanc, Clavier Gaming H-Mech, FRGB Rainbow et Halo, Antighosting, Langue Française","17,49 €"
"Razer BlackWidow V4 - Clavier Gaming Mécanique Chroma RGB (Switches Mécaniques Verts, 6 Touches Macros Dédiées, Touches ABS à Double Injection) FR-Layout | Noir","139,99 €"
"CORSAIR K70 MAX RGB Magnetic Clavier de Jeu Mécanique Filaire - MGX Switches Réglables - PBT Double-Shot Keycaps - Rapid Trigger Mode - Compatible iCUE - PC, PS5, PS4, Xbox - AZERTY FR - Gris Acier","169,99 €"
"Razer Huntsman V2 (Switches Rouges) - Clavier Gamer Optique pratiquement sans Latence (Switches Optiques Linéaires et Silencieux, Touches en PBT Doubleshot, Repose-Poignet) Clavier AZERTY | Noir","114,99 €"
"Dierya Clavier Gamer Mécanique 60% Câblé avec Interrupteur Rouge,T68SE Clavier Gaming LED Rétroéclairé Type-c Mechanical Keyboard Compact 68 Touches Anti-ghosting-US Layout,Blanc","28,04 €"
"CHERRY MW 4500, Souris Verticale Ergonomique pour Droitiers, Sans Fil (radio 2,4 GHz), Résolution Réglable sur 3 Niveaux Jusqu'à 1200 Dpi, Piles, Noir","27,99 €"
